op,refnv_sp,refnv_elo,refnv_ehi,ref_sp,ref_elo,ref_ehi,avx2_sp,avx2_elo,avx2_ehi
INVNTT,3.9386252045826513,0.00020458265139122744,0.00020458265139122744,4.006659729448491,0.0008336786786200534,0.00020811654526564638,209.2608695652174,0.010869565217404897,0.010869565217376476
basemul,3.306184521797905,0.02605040612313525,0.002795691291897384,3.545207465120493,0.0,0.0,168.67241379310346,0.0,0.0
frommsg,2.6708333333333334,0.0,0.0,3.0093896713615025,0.0,0.0,147.92307692307693,0.0,0.0
NTT,3.6989152741131632,0.0010840900568913625,0.0,3.681645754304056,0.0,0.0,145.02298850574712,1.6479885057471222,0.0
iDec,3.6437147040368125,0.00019424892094210833,0.0003467108483481418,3.800139609964661,0.0003315569175033062,0.00016580015750289334,132.98167938931297,0.001526717557254642,0.003053435114509284
iEnc,3.3056977990451344,0.00017231513226034778,0.00016363191105694952,3.48133030817818,0.00022700732330438456,0.00021029337701561346,32.81504567436862,0.004063512322623808,0.0006448146157964629
iKeypair,3.109574915272049,0.00020791977755951763,0.00025167432332651174,3.2525126922733425,0.00022163529575136565,0.000286955967172986,24.668559816590246,0.0031435406706883384,0.0007294706127538575
gena,2.7088029828997557,0.0007052965244342957,0.0005931348088656918,2.69161485393067,0.0005617516864933059,0.0005061000727368814,10.337667648020936,0.002917034774819527,0.0013902518809292275
noise,3.0886524822695036,0.0,0.0008865248226950229,3.4156862745098038,0.0,0.0009803921568627416,4.639147802929427,0.0,0.0013315579227697327
