op,m512_sp,m512_elo,m512_ehi,m768_sp,m768_elo,m768_ehi,m1024_sp,m1024_elo,m1024_ehi
INVNTT,56.26086956521739,0.0,0.0,52.22826086956522,0.0,0.010869565217390686,50.49514563106796,0.009708737864080774,0.0
basemul,52.04054054054054,0.0,0.7128841169937061,47.577586206896555,0.0,0.0,41.63333333333333,0.0,0.0
frommsg,45.642857142857146,0.0,0.0,49.15384615384615,0.0,0.0,55.38461538461539,0.0,0.0
NTT,35.526315789473685,0.010526315789476826,2.395032525133054,39.39080459770115,0.44762277951932816,0.0,34.58585858585859,0.010101010101010388,0.3631210059781438
iDec,35.05030181086519,0.0020120724346099905,0.002012072434602885,34.993893129770996,0.001526717557254642,0.0030534351145021787,31.097560975609756,0.0037115588547180778,0.004241781548248724
iEnc,9.974174506548607,0.0014707072125688114,0.0011068068622019922,9.426007522837184,0.0013889971548284308,0.0005373455131660876,9.38816253823144,0.001122140301749397,0.001223049292088163
iKeypair,8.309,0.0020613877224544552,0.0018621724344871637,7.584462275948312,0.0012591916511350831,0.0003647353063778169,8.113443296049837,0.0015653318677752992,0.0014866204162533592
gena,4.659360730593607,0.00045662100456667076,0.0004566210045657826,3.8406934903500165,0.0009551420262225996,0.0004906771344455052,4.776828000462054,0.0014497812681515398,0.0015659914501355843
noise,1.3883579496090357,0.0,0.0012072677822687616,1.3581890812250332,0.0,0.0,1.1904205607476634,0.001168224299065379,0.0
