reconciled_utc,run,site,draw,kind
2026-09-24T08:59:58Z,l069-draw1,l069,1,send_grant
2026-09-24T09:00:55Z,l070-draw1,l070,1,send_grant
2026-09-24T09:01:41Z,l071-draw1,l071,1,send_grant
2026-09-24T09:02:43Z,l078-draw1,l078,1,send_grant
2026-09-24T09:03:34Z,l096-draw1,l096,1,send_grant
2026-09-24T09:04:12Z,l166-draw1,l166,1,send_grant
2026-09-24T09:04:51Z,l170-draw1,l170,1,send_grant
2026-09-24T09:05:17Z,l175-draw1,l175,1,send_grant
2026-09-24T09:05:49Z,l178-draw1,l178,1,send_grant
2026-09-24T09:06:23Z,l204-draw1,l204,1,send_grant
2026-09-24T09:07:14Z,l099-draw1,l099,1,send_grant
2026-09-28T23:01:32Z,l069-draw2,l069,2,send_grant
2026-09-28T23:02:16Z,l070-draw2,l070,2,send_grant
2026-09-28T23:03:03Z,l071-draw2,l071,2,send_grant
2026-09-28T23:03:50Z,l078-draw2,l078,2,send_grant
2026-09-28T23:04:28Z,l096-draw2,l096,2,send_grant
2026-09-28T23:05:06Z,l166-draw2,l166,2,send_grant
2026-09-28T23:05:50Z,l170-draw2,l170,2,send_grant
2026-09-28T23:06:24Z,l175-draw2,l175,2,send_grant
2026-09-28T23:06:58Z,l178-draw2,l178,2,send_grant
2026-09-28T23:07:30Z,l204-draw2,l204,2,send_grant
2026-09-28T23:07:57Z,l099-draw2,l099,2,send_grant
2026-09-28T23:08:35Z,l069-draw3,l069,3,send_grant
2026-09-28T23:09:18Z,l070-draw3,l070,3,send_grant
2026-09-28T23:10:02Z,l071-draw3,l071,3,send_grant
2026-09-28T23:10:44Z,l078-draw3,l078,3,send_grant
2026-09-28T23:11:23Z,l096-draw3,l096,3,send_grant
2026-09-28T23:12:00Z,l166-draw3,l166,3,send_grant
2026-09-28T23:12:44Z,l170-draw3,l170,3,send_grant
2026-09-28T23:13:14Z,l175-draw3,l175,3,send_grant
2026-09-28T23:13:44Z,l178-draw3,l178,3,send_grant
2026-09-28T23:14:13Z,l204-draw3,l204,3,send_grant
2026-09-28T23:14:39Z,l099-draw3,l099,3,send_grant
2026-09-28T23:15:27Z,l069-draw4,l069,4,send_grant
2026-09-28T23:16:09Z,l070-draw4,l070,4,send_grant
2026-09-28T23:16:55Z,l071-draw4,l071,4,send_grant
2026-09-28T23:17:39Z,l078-draw4,l078,4,send_grant
2026-09-28T23:18:16Z,l096-draw4,l096,4,send_grant
2026-09-28T23:18:52Z,l166-draw4,l166,4,send_grant
2026-09-28T23:19:35Z,l170-draw4,l170,4,send_grant
2026-09-28T23:20:02Z,l175-draw4,l175,4,send_grant
2026-09-28T23:20:32Z,l178-draw4,l178,4,send_grant
2026-09-28T23:21:02Z,l204-draw4,l204,4,send_grant
2026-09-28T23:21:30Z,l099-draw4,l099,4,send_grant
2026-09-28T23:22:08Z,l069-draw5,l069,5,send_grant
2026-09-28T23:22:51Z,l070-draw5,l070,5,send_grant
2026-09-28T23:23:32Z,l071-draw5,l071,5,send_grant
2026-09-28T23:24:13Z,l078-draw5,l078,5,send_grant
2026-09-28T23:24:51Z,l096-draw5,l096,5,send_grant
2026-09-28T23:25:27Z,l166-draw5,l166,5,send_grant
2026-09-28T23:26:06Z,l170-draw5,l170,5,send_grant
2026-09-28T23:26:34Z,l175-draw5,l175,5,send_grant
2026-09-28T23:27:04Z,l178-draw5,l178,5,send_grant
2026-09-28T23:27:31Z,l204-draw5,l204,5,send_grant
2026-09-28T23:27:59Z,l099-draw5,l099,5,send_grant
2026-09-28T23:28:38Z,l069-draw6,l069,6,send_grant
2026-09-28T23:29:23Z,l070-draw6,l070,6,send_grant
2026-09-28T23:30:13Z,l071-draw6,l071,6,send_grant
2026-09-28T23:30:54Z,l078-draw6,l078,6,send_grant
2026-09-28T23:31:29Z,l096-draw6,l096,6,send_grant
2026-09-28T23:32:06Z,l166-draw6,l166,6,send_grant
2026-09-28T23:32:48Z,l170-draw6,l170,6,send_grant
2026-09-28T23:33:15Z,l175-draw6,l175,6,send_grant
2026-09-28T23:33:50Z,l178-draw6,l178,6,send_grant
2026-09-28T23:34:29Z,l204-draw6,l204,6,release
2026-09-29T15:27:14Z,l204-draw6-attempt2,l204,6,send_grant
2026-09-29T15:27:48Z,l099-draw6,l099,6,send_grant
2026-09-29T15:28:33Z,l069-draw7,l069,7,send_grant
2026-09-29T15:29:22Z,l070-draw7,l070,7,send_grant
2026-09-29T15:30:12Z,l071-draw7,l071,7,send_grant
2026-09-29T15:31:03Z,l078-draw7,l078,7,send_grant
2026-09-29T15:31:45Z,l096-draw7,l096,7,send_grant
2026-09-29T15:32:27Z,l166-draw7,l166,7,send_grant
2026-09-29T15:33:07Z,l170-draw7,l170,7,send_grant
2026-09-29T15:33:37Z,l175-draw7,l175,7,send_grant
2026-09-29T15:34:13Z,l178-draw7,l178,7,send_grant
2026-09-29T15:34:45Z,l204-draw7,l204,7,send_grant
2026-09-29T15:35:15Z,l099-draw7,l099,7,send_grant
2026-09-29T15:36:01Z,l069-draw8,l069,8,send_grant
2026-09-29T15:36:50Z,l070-draw8,l070,8,send_grant
2026-09-29T15:37:35Z,l071-draw8,l071,8,send_grant
2026-09-29T15:38:25Z,l078-draw8,l078,8,send_grant
2026-09-29T15:39:04Z,l096-draw8,l096,8,send_grant
2026-09-29T15:39:49Z,l166-draw8,l166,8,send_grant
2026-09-29T15:40:40Z,l170-draw8,l170,8,send_grant
2026-09-29T15:41:28Z,l175-draw8,l175,8,send_grant
2026-09-29T15:42:03Z,l178-draw8,l178,8,send_grant
2026-09-29T15:42:34Z,l204-draw8,l204,8,send_grant
2026-09-29T15:43:06Z,l099-draw8,l099,8,send_grant
