site,family,draw,stage,closer,refusal
l069,lift_cell,1,proved,term_mode_nat,
l069,lift_cell,2,proved,term_mode_nat,
l069,lift_cell,3,proved,term_mode_nat,
l069,lift_cell,4,proved,term_mode_nat,
l069,lift_cell,5,proved,term_mode_nat,
l069,lift_cell,6,proved,term_mode_nat,
l069,lift_cell,7,proved,term_mode_nat,
l069,lift_cell,8,proved,term_mode_nat,
l070,lift_cell,1,proved,term_mode_nat,
l070,lift_cell,2,proved,term_mode_nat,
l070,lift_cell,3,proved,term_mode_nat,
l070,lift_cell,4,proved,term_mode_nat,
l070,lift_cell,5,proved,term_mode_nat,
l070,lift_cell,6,proved,term_mode_nat,
l070,lift_cell,7,proved,term_mode_nat,
l070,lift_cell,8,proved,term_mode_nat,
l071,lift_cell,1,proved,term_mode_nat,
l071,lift_cell,2,proved,term_mode_nat,
l071,lift_cell,3,proved,term_mode_nat,
l071,lift_cell,4,proved,term_mode_nat,
l071,lift_cell,5,proved,term_mode_nat,
l071,lift_cell,6,proved,term_mode_nat,
l071,lift_cell,7,proved,term_mode_nat,
l071,lift_cell,8,proved,term_mode_nat,
l078,lift_cell,1,proved,term_mode_nat,
l078,lift_cell,2,proved,term_mode_nat,
l078,lift_cell,3,proved,term_mode_nat,
l078,lift_cell,4,proved,term_mode_nat,
l078,lift_cell,5,proved,term_mode_nat,
l078,lift_cell,6,proved,term_mode_nat,
l078,lift_cell,7,proved,term_mode_nat,
l078,lift_cell,8,proved,term_mode_nat,
l096,threshold_unique,1,proved,term_mode_int,
l096,threshold_unique,2,proved,term_mode_int,
l096,threshold_unique,3,proved,term_mode_int,
l096,threshold_unique,4,proved,term_mode_int,
l096,threshold_unique,5,proved,term_mode_int,
l096,threshold_unique,6,proved,term_mode_int,
l096,threshold_unique,7,proved,term_mode_int,
l096,threshold_unique,8,proved,term_mode_int,
l098,threshold_unique,1,not_posed,,
l098,threshold_unique,2,not_posed,,
l098,threshold_unique,3,not_posed,,
l098,threshold_unique,4,not_posed,,
l098,threshold_unique,5,not_posed,,
l098,threshold_unique,6,not_posed,,
l098,threshold_unique,7,not_posed,,
l098,threshold_unique,8,not_posed,,
l099,threshold_unique,1,proved,term_mode_int,
l099,threshold_unique,2,proved,term_mode_int,
l099,threshold_unique,3,proved,term_mode_int,
l099,threshold_unique,4,proved,term_mode_int,
l099,threshold_unique,5,proved,term_mode_int,
l099,threshold_unique,6,proved,term_mode_int,
l099,threshold_unique,7,proved,term_mode_int,
l099,threshold_unique,8,proved,term_mode_int,
l101,threshold_unique,1,not_posed,,
l101,threshold_unique,2,not_posed,,
l101,threshold_unique,3,not_posed,,
l101,threshold_unique,4,not_posed,,
l101,threshold_unique,5,not_posed,,
l101,threshold_unique,6,not_posed,,
l101,threshold_unique,7,not_posed,,
l101,threshold_unique,8,not_posed,,
l158,cell_value_neutral,1,not_posed,,
l158,cell_value_neutral,2,not_posed,,
l158,cell_value_neutral,3,not_posed,,
l158,cell_value_neutral,4,not_posed,,
l158,cell_value_neutral,5,not_posed,,
l158,cell_value_neutral,6,not_posed,,
l158,cell_value_neutral,7,not_posed,,
l158,cell_value_neutral,8,not_posed,,
l166,cell_value_neutral,1,refused,term_mode_nat,nat_closer_int_goal
l166,cell_value_neutral,2,refused,term_mode_nat,nat_closer_int_goal
l166,cell_value_neutral,3,refused,term_mode_nat,nat_closer_int_goal
l166,cell_value_neutral,4,refused,term_mode_nat,nat_closer_int_goal
l166,cell_value_neutral,5,refused,term_mode_nat,nat_closer_int_goal
l166,cell_value_neutral,6,refused,term_mode_nat,nat_closer_int_goal
l166,cell_value_neutral,7,refused,term_mode_nat,nat_closer_int_goal
l166,cell_value_neutral,8,refused,term_mode_nat,nat_closer_int_goal
l170,cell_value_neutral,1,rejected,,
l170,cell_value_neutral,2,rejected,,
l170,cell_value_neutral,3,rejected,,
l170,cell_value_neutral,4,rejected,,
l170,cell_value_neutral,5,rejected,,
l170,cell_value_neutral,6,rejected,,
l170,cell_value_neutral,7,rejected,,
l170,cell_value_neutral,8,rejected,,
l175,cell_value_neutral,1,refused,term_mode_nat,nat_closer_int_goal
l175,cell_value_neutral,2,refused,term_mode_nat,nat_closer_int_goal
l175,cell_value_neutral,3,refused,term_mode_nat,nat_closer_int_goal
l175,cell_value_neutral,4,refused,term_mode_nat,nat_closer_int_goal
l175,cell_value_neutral,5,refused,term_mode_nat,nat_closer_int_goal
l175,cell_value_neutral,6,refused,term_mode_nat,nat_closer_int_goal
l175,cell_value_neutral,7,refused,term_mode_nat,nat_closer_int_goal
l175,cell_value_neutral,8,refused,term_mode_nat,nat_closer_int_goal
l178,cell_value_neutral,1,refused,term_mode_nat,nat_closer_int_goal
l178,cell_value_neutral,2,refused,term_mode_nat,nat_closer_int_goal
l178,cell_value_neutral,3,refused,term_mode_nat,nat_closer_int_goal
l178,cell_value_neutral,4,refused,term_mode_nat,nat_closer_int_goal
l178,cell_value_neutral,5,refused,term_mode_nat,nat_closer_int_goal
l178,cell_value_neutral,6,refused,term_mode_nat,nat_closer_int_goal
l178,cell_value_neutral,7,refused,term_mode_nat,nat_closer_int_goal
l178,cell_value_neutral,8,refused,term_mode_nat,nat_closer_int_goal
l180,cell_value_neutral,1,not_posed,,
l180,cell_value_neutral,2,not_posed,,
l180,cell_value_neutral,3,not_posed,,
l180,cell_value_neutral,4,not_posed,,
l180,cell_value_neutral,5,not_posed,,
l180,cell_value_neutral,6,not_posed,,
l180,cell_value_neutral,7,not_posed,,
l180,cell_value_neutral,8,not_posed,,
l204,Row.s1_noninc,1,refused,term_mode_nat,nat_closer_int_goal
l204,Row.s1_noninc,2,refused,term_mode_nat,nat_closer_int_goal
l204,Row.s1_noninc,3,refused,term_mode_nat,nat_closer_int_goal
l204,Row.s1_noninc,4,refused,term_mode_nat,nat_closer_int_goal
l204,Row.s1_noninc,5,refused,term_mode_nat,nat_closer_int_goal
l204,Row.s1_noninc,6,refused,term_mode_nat,nat_closer_int_goal
l204,Row.s1_noninc,7,refused,term_mode_nat,nat_closer_int_goal
l204,Row.s1_noninc,8,refused,term_mode_nat,nat_closer_int_goal
